<?xml version="1.0"?>
<!--
 * @package     Plumrocket_Base
 * @copyright   Copyright (c) 2022 Plumrocket Inc. (https://plumrocket.com)
 * @license     https://plumrocket.com/license   End-user License Agreement
-->
<schema xmlns:xsi="http://www.w3.org/2001/XMLSchema-instance"
        xsi:noNamespaceSchemaLocation="urn:magento:framework:Setup/Declaration/Schema/etc/schema.xsd">
    <table name="plumbase_product" resource="default" engine="innodb" comment="Plumrocket Signatures">
        <column xsi:type="int" name="id" unsigned="true" nullable="false" identity="true" comment="ID"/>
        <column xsi:type="varchar" name="signature" nullable="false" length="32" comment="Signature"/>
        <column xsi:type="smallint" name="status" unsigned="false" nullable="false" identity="false" comment="Status"/>
        <column xsi:type="date" name="date" nullable="true" comment="Date"/>
        <constraint xsi:type="primary" referenceId="PRIMARY">
            <column name="id"/>
        </constraint>
    </table>
</schema>
