<?xml version="1.0"?>
<!--
/**
 * @package     Plumrocket_Smtp
 * @copyright   Copyright (c) 2020 Plumrocket Inc. (https://plumrocket.com)
 * @license     https://plumrocket.com/license   End-user License Agreement
 */
-->
<config xmlns:xsi="http://www.w3.org/2001/XMLSchema-instance" xsi:noNamespaceSchemaLocation="urn:magento:framework:ObjectManager/etc/config.xsd">
    <type name="Magento\Framework\Notification\MessageList">
        <arguments>
            <argument name="messages" xsi:type="array">
                <item name="EmailDeliveryMessage" xsi:type="string">Plumrocket\Smtp\Model\System\Message\EmailDeliveryMessage</item>
            </argument>
        </arguments>
    </type>
</config>
