<?xml version="1.0"?>
<!--
/**
 * @package     Plumrocket_Smtp
 * @copyright   Copyright (c) 2020 Plumrocket Inc. (https://plumrocket.com)
 * @license     https://plumrocket.com/license   End-user License Agreement
 */
-->
<config xmlns:xsi="http://www.w3.org/2001/XMLSchema-instance" xsi:noNamespaceSchemaLocation="urn:magento:module:Magento_Backend:etc/menu.xsd">
    <menu>
        <add id="Plumrocket_Smtp::prsmtp" title="SMTP" module="Plumrocket_Smtp" parent="Plumrocket_Base::elements" sortOrder="11342548" resource="Plumrocket_Smtp::prsmtp" />
        <add id="Plumrocket_Smtp::config_prsmtp_log" title="Email Log" module="Plumrocket_Smtp" parent="Plumrocket_Smtp::prsmtp" sortOrder="10" action="prsmtp/log" resource="Plumrocket_Smtp::config_prsmtp_log" />
        <add id="Plumrocket_Smtp::config_prsmtp_gateways" title="Manage Email Gateways" module="Plumrocket_Smtp" parent="Plumrocket_Smtp::prsmtp" sortOrder="20" action="prsmtp/gateways/index" resource="Plumrocket_Smtp::config_prsmtp_gateways" />
        <add id="Plumrocket_Smtp::prsmtp_configuration" title="Configuration" module="Plumrocket_Smtp" parent="Plumrocket_Smtp::prsmtp" sortOrder="30" action="adminhtml/system_config/edit/section/prsmtp" resource="Plumrocket_Smtp::config_prsmtp" />

        <add id="Plumrocket_Smtp::pr_group_icon_prsmtp_system" title="SMTP" module="Plumrocket_Smtp" parent="Magento_Backend::system" sortOrder="999" resource="Plumrocket_Smtp::prsmtp" />
        <add id="Plumrocket_Smtp::config_prsmtp_log_system" title="Email Log" module="Plumrocket_Smtp" parent="Plumrocket_Smtp::pr_group_icon_prsmtp_system" sortOrder="10" action="prsmtp/log" resource="Plumrocket_Smtp::config_prsmtp_log" />
        <add id="Plumrocket_Smtp::config_prsmtp_gateways_system" title="Manage Email Gateways" module="Plumrocket_Smtp" parent="Plumrocket_Smtp::pr_group_icon_prsmtp_system" sortOrder="20" action="prsmtp/gateways/index" resource="Plumrocket_Smtp::config_prsmtp_gateways" />
    </menu>
</config>
