<?xml version="1.0"?>
<!--
/**
 * @package     Plumrocket_Smtp
 * @copyright   Copyright (c) 2020 Plumrocket Inc. (https://plumrocket.com)
 * @license     https://plumrocket.com/license   End-user License Agreement
 */
-->
<config xmlns:xsi="http://www.w3.org/2001/XMLSchema-instance" xsi:noNamespaceSchemaLocation="urn:magento:framework:Acl/etc/acl.xsd">
    <acl>
        <resources>
            <resource id="Magento_Backend::admin">
                <resource id="Plumrocket_Base::elements">
                    <resource id="Plumrocket_Smtp::prsmtp" title="SMTP" sortOrder="11342548">
                        <resource id="Plumrocket_Smtp::config_prsmtp_log" title="Email Log" sortOrder="10"/>
                        <resource id="Plumrocket_Smtp::config_prsmtp_gateways" title="Manage Email Gateways" sortOrder="20"/>
                        <resource id="Plumrocket_Smtp::config_prsmtp_logview" title="View Log Detail" sortOrder="30"/>
                        <resource id="Plumrocket_Smtp::config_prsmtp_clearlog" title="Clear Log" sortOrder="40"/>
                    </resource>
                </resource>
                <resource id="Magento_Backend::stores">
                    <resource id="Magento_Backend::stores_settings">
                        <resource id="Magento_Config::config">
                            <resource id="Plumrocket_Smtp::config_prsmtp" title="SMTP Section" />
                        </resource>
                    </resource>
                </resource>
            </resource>
        </resources>
    </acl>
</config>
