<?xml version="1.0"?>
<!--
/**
 * @package     Plumrocket_Smtp
 * @copyright   Copyright (c) 2022 Plumrocket Inc. (https://plumrocket.com)
 * @license     https://plumrocket.com/license   End-user License Agreement
 */
-->
<schema xmlns:xsi="http://www.w3.org/2001/XMLSchema-instance"
        xsi:noNamespaceSchemaLocation="urn:magento:framework:Setup/Declaration/Schema/etc/schema.xsd">
    <table name="plumrocket_smtp_gateways" resource="default" engine="innodb" comment="Plumrocket SMTP Email Gateways">
        <column xsi:type="int" name="entity_id" unsigned="true" nullable="false" identity="true" comment="Entity ID"/>
        <column xsi:type="varchar" name="name" nullable="false" length="254" comment="Name"/>
        <column xsi:type="tinyint" name="active" unsigned="true" nullable="false" identity="false" comment="Active"/>
        <column xsi:type="varchar" name="authentication" nullable="false" length="254" comment="Authentication"/>
        <column xsi:type="varchar" name="login" nullable="false" length="254" comment="Login"/>
        <column xsi:type="varchar" name="password" nullable="false" length="254" comment="Password"/>
        <column xsi:type="varchar" name="host" nullable="false" length="254" comment="Gateway Host"/>
        <column xsi:type="int" name="port" unsigned="true" nullable="false" identity="false" comment="Port"/>
        <column xsi:type="varchar" name="encryption" nullable="false" length="20" comment="Encryption"/>
        <constraint xsi:type="primary" referenceId="PRIMARY">
            <column name="entity_id"/>
        </constraint>
        <index referenceId="PLUMROCKET_SMTP_GATEWAYS_ENTITY_ID" indexType="btree">
            <column name="entity_id"/>
        </index>
    </table>
    <table name="plumrocket_smtp_email_log" resource="default" engine="innodb" comment="SMTP Email Log">
        <column xsi:type="int" name="entity_id" unsigned="true" nullable="false" identity="true" comment="Entity ID"/>
        <column xsi:type="varchar" name="email_from" nullable="false" length="254" comment="From"/>
        <column xsi:type="varchar" name="email_to" nullable="false" length="254" comment="To"/>
        <column xsi:type="text" name="subject" nullable="false" comment="Subject"/>
        <column xsi:type="text" name="body" nullable="false" comment="Email Body"/>
        <column xsi:type="datetime" name="sent_at" nullable="true" on_update="true" comment="Sent At"/>
        <column xsi:type="text" name="debug_log" nullable="false" comment="Debug Log"/>
        <column xsi:type="smallint" name="status" unsigned="true" nullable="false" identity="false" comment="Status"/>
        <constraint xsi:type="primary" referenceId="PRIMARY">
            <column name="entity_id"/>
        </constraint>
        <index referenceId="PLUMROCKET_SMTP_EMAIL_LOG_ENTITY_ID" indexType="btree">
            <column name="entity_id"/>
        </index>
    </table>
</schema>
