{
    "plumrocket_smtp_email_log": {
        "column": {
            "entity_id": true,
            "email_from": true,
            "email_to": true,
            "subject": true,
            "body": true,
            "sent_at": true,
            "debug_log": true,
            "status": true
        },
        "index": {
            "PLUMROCKET_SMTP_EMAIL_LOG_ENTITY_ID": true
        },
        "constraint": {
            "PRIMARY": true
        }
    },
    "plumrocket_smtp_gateways": {
        "column": {
            "entity_id": true,
            "name": true,
            "active": true,
            "authentication": true,
            "login": true,
            "password": true,
            "host": true,
            "port": true,
            "encryption": true
        },
        "index": {
            "PLUMROCKET_SMTP_GATEWAYS_ENTITY_ID": true
        },
        "constraint": {
            "PRIMARY": true
        }
    }
}
