<?xml version="1.0" encoding="UTF-8"?>
<!--
/**
 * @package     Plumrocket_Smtp
 * @copyright   Copyright (c) 2020 Plumrocket Inc. (https://plumrocket.com)
 * @license     https://plumrocket.com/license   End-user License Agreement
 */
-->
<config xmlns:xsi="http://www.w3.org/2001/XMLSchema-instance" xsi:noNamespaceSchemaLocation="urn:magento:framework:ObjectManager/etc/config.xsd">
    <preference for="Plumrocket\Smtp\Api\GatewayRegistryInterface" type="Plumrocket\Smtp\Model\Api\Gateway\GatewayRegistry" />
    <preference for="Plumrocket\Smtp\Api\Data\GatewayInterface" type="Plumrocket\Smtp\Model\Gateway"/>
    <type name="Magento\Framework\View\Element\UiComponent\DataProvider\CollectionFactory">
        <arguments>
            <argument name="collections" xsi:type="array">
                <item name="prsmtp_log_grid_data_source" xsi:type="string">Plumrocket\Smtp\Model\ResourceModel\Log\Grid\Collection</item>
            </argument>
        </arguments>
    </type>
    <virtualType name="Plumrocket\Smtp\Model\ResourceModel\Log\Grid\Collection" type="Magento\Framework\View\Element\UiComponent\DataProvider\SearchResult">
        <arguments>
            <argument name="mainTable" xsi:type="string">plumrocket_smtp_email_log</argument>
            <argument name="resourceModel" xsi:type="string">Plumrocket\Smtp\Model\ResourceModel\Log</argument>
        </arguments>
    </virtualType>
    <type name="Magento\Framework\Mail\TransportInterface">
        <plugin name="prsmtp_mailtransport" type="Plumrocket\Smtp\Plugin\Framework\Mail\TransportPlugin" sortOrder="1" disabled="false"/>
    </type>
    <type name="Magento\Framework\Mail\Template\TransportBuilder">
        <plugin name="prsmtp_mailtransport_builder" type="Plumrocket\Smtp\Plugin\Framework\Mail\Template\TransportBuilderPlugin" sortOrder="1" disabled="false"/>
    </type>
    <type name="Plumrocket\Smtp\Api\GatewayRegistryInterface">
        <arguments>
            <argument name="gateways" xsi:type="array">
                <item name="Amazon SES" xsi:type="array">
                    <item name="name" xsi:type="string">Amazon SES</item>
                    <item name="active" xsi:type="boolean">1</item>
                    <item name="host" xsi:type="string">email-smtp.us-east-1.amazonaws.com</item>
                    <item name="port" xsi:type="number">465</item>
                    <item name="encryption" xsi:type="string">tls</item>
                </item>
                <item name="Gmail" xsi:type="array">
                    <item name="name" xsi:type="string">Gmail</item>
                    <item name="active" xsi:type="boolean">1</item>
                    <item name="host" xsi:type="string">smtp.gmail.com</item>
                    <item name="port" xsi:type="number">587</item>
                    <item name="encryption" xsi:type="string">ssl</item>
                </item>
                <item name="Mailgun" xsi:type="array">
                    <item name="name" xsi:type="string">Mailgun</item>
                    <item name="active" xsi:type="boolean">1</item>
                    <item name="host" xsi:type="string">smtp.mailgun.org</item>
                    <item name="port" xsi:type="number">587</item>
                    <item name="encryption" xsi:type="string">tls</item>
                </item>
                <item name="Mandrill" xsi:type="array">
                    <item name="name" xsi:type="string">Mandrill</item>
                    <item name="active" xsi:type="boolean">1</item>
                    <item name="host" xsi:type="string">smtp.mandrillapp.com</item>
                    <item name="port" xsi:type="number">587</item>
                    <item name="encryption" xsi:type="string">tls</item>
                </item>
                <item name="SendGrid" xsi:type="array">
                    <item name="name" xsi:type="string">SendGrid</item>
                    <item name="active" xsi:type="boolean">1</item>
                    <item name="host" xsi:type="string">smtp.sendgrid.net</item>
                    <item name="port" xsi:type="number">465</item>
                    <item name="encryption" xsi:type="string">ssl</item>
                </item>
                <item name="Mailjet" xsi:type="array">
                    <item name="name" xsi:type="string">Mailjet</item>
                    <item name="active" xsi:type="boolean">1</item>
                    <item name="host" xsi:type="string">in-v3.mailjet.com</item>
                    <item name="port" xsi:type="number">465</item>
                    <item name="encryption" xsi:type="string">ssl</item>
                </item>
                <item name="Outlook.com" xsi:type="array">
                    <item name="name" xsi:type="string">Outlook.com</item>
                    <item name="active" xsi:type="boolean">1</item>
                    <item name="host" xsi:type="string">smtp.live.com</item>
                    <item name="port" xsi:type="number">587</item>
                    <item name="encryption" xsi:type="string">tls</item>
                </item>
                <item name="Sendinblue" xsi:type="array">
                    <item name="name" xsi:type="string">Sendinblue</item>
                    <item name="active" xsi:type="boolean">1</item>
                    <item name="host" xsi:type="string">smtp-relay.sendinblue.com</item>
                    <item name="port" xsi:type="number">587</item>
                    <item name="encryption" xsi:type="string">tls</item>
                </item>
                <item name="SparkPost" xsi:type="array">
                    <item name="name" xsi:type="string">SparkPost</item>
                    <item name="active" xsi:type="boolean">1</item>
                    <item name="host" xsi:type="string">smtp.sparkpostmail.com</item>
                    <item name="port" xsi:type="number">587</item>
                    <item name="encryption" xsi:type="string">tls</item>
                </item>
                <item name="Postmark" xsi:type="array">
                    <item name="name" xsi:type="string">Postmark</item>
                    <item name="active" xsi:type="boolean">1</item>
                    <item name="host" xsi:type="string">smtp.postmarkapp.com</item>
                    <item name="port" xsi:type="number">587</item>
                    <item name="encryption" xsi:type="string">tls</item>
                </item>
                <item name="Hotmail" xsi:type="array">
                    <item name="name" xsi:type="string">Hotmail</item>
                    <item name="active" xsi:type="boolean">1</item>
                    <item name="host" xsi:type="string">smtp-mail.outlook.com</item>
                    <item name="port" xsi:type="number">587</item>
                    <item name="encryption" xsi:type="string">tls</item>
                </item>
                <item name="GMX" xsi:type="array">
                    <item name="name" xsi:type="string">GMX</item>
                    <item name="active" xsi:type="boolean">1</item>
                    <item name="host" xsi:type="string">mail.gmx.net</item>
                    <item name="port" xsi:type="number">587</item>
                    <item name="encryption" xsi:type="string">tls</item>
                </item>
                <item name="Yahoo Mail" xsi:type="array">
                    <item name="name" xsi:type="string">Yahoo Mail</item>
                    <item name="active" xsi:type="boolean">1</item>
                    <item name="host" xsi:type="string">smtp.mail.yahoo.com</item>
                    <item name="port" xsi:type="number">465</item>
                    <item name="encryption" xsi:type="string">ssl</item>
                </item>
                <item name="Yahoo Mail Plus" xsi:type="array">
                    <item name="name" xsi:type="string">Yahoo Mail Plus</item>
                    <item name="active" xsi:type="boolean">1</item>
                    <item name="host" xsi:type="string">plus.smtp.mail.yahoo.com</item>
                    <item name="port" xsi:type="number">465</item>
                    <item name="encryption" xsi:type="string">ssl</item>
                </item>
                <item name="Yahoo AU/NZ" xsi:type="array">
                    <item name="name" xsi:type="string">Yahoo AU/NZ</item>
                    <item name="active" xsi:type="boolean">1</item>
                    <item name="host" xsi:type="string">smtp.mail.yahoo.com.au</item>
                    <item name="port" xsi:type="number">465</item>
                    <item name="encryption" xsi:type="string">ssl</item>
                </item>
                <item name="Yahoo UK" xsi:type="array">
                    <item name="name" xsi:type="string">Yahoo UK</item>
                    <item name="active" xsi:type="boolean">1</item>
                    <item name="host" xsi:type="string">smtp.mail.yahoo.co.uk</item>
                    <item name="port" xsi:type="number">465</item>
                    <item name="encryption" xsi:type="string">ssl</item>
                </item>
                <item name="Yahoo Deutschland" xsi:type="array">
                    <item name="name" xsi:type="string">Yahoo Deutschland</item>
                    <item name="active" xsi:type="boolean">1</item>
                    <item name="host" xsi:type="string">smtp.mail.yahoo.com</item>
                    <item name="port" xsi:type="number">465</item>
                    <item name="encryption" xsi:type="string">ssl</item>
                </item>
                <item name="AT&amp;T" xsi:type="array">
                    <item name="name" xsi:type="string">AT&amp;T</item>
                    <item name="active" xsi:type="boolean">1</item>
                    <item name="host" xsi:type="string">smtp.att.yahoo.com</item>
                    <item name="port" xsi:type="number">465</item>
                    <item name="encryption" xsi:type="string">ssl</item>
                </item>
                <item name="NTL @ntlworld.com" xsi:type="array">
                    <item name="name" xsi:type="string">NTL @ntlworld.com</item>
                    <item name="active" xsi:type="boolean">1</item>
                    <item name="host" xsi:type="string">smtp.ntlworld.com</item>
                    <item name="port" xsi:type="number">465</item>
                    <item name="encryption" xsi:type="string">ssl</item>
                </item>
                <item name="Zoho Mail" xsi:type="array">
                    <item name="name" xsi:type="string">Zoho Mail</item>
                    <item name="active" xsi:type="boolean">1</item>
                    <item name="host" xsi:type="string">smtp.zoho.eu</item>
                    <item name="port" xsi:type="number">465</item>
                    <item name="encryption" xsi:type="string">ssl</item>
                </item>
                <item name="Verizon" xsi:type="array">
                    <item name="name" xsi:type="string">Verizon</item>
                    <item name="active" xsi:type="boolean">1</item>
                    <item name="host" xsi:type="string">outgoing.verizon.net</item>
                    <item name="port" xsi:type="number">465</item>
                    <item name="encryption" xsi:type="string">ssl</item>
                </item>
                <item name="Verizon (Yahoo hosted)" xsi:type="array">
                    <item name="name" xsi:type="string">Verizon (Yahoo hosted)</item>
                    <item name="active" xsi:type="boolean">1</item>
                    <item name="host" xsi:type="string">outgoing.yahoo.verizon.net</item>
                    <item name="port" xsi:type="number">587</item>
                </item>
                <item name="OVH" xsi:type="array">
                    <item name="name" xsi:type="string">OVH</item>
                    <item name="active" xsi:type="boolean">1</item>
                    <item name="host" xsi:type="string">ssl0.ovh.net</item>
                    <item name="port" xsi:type="number">465</item>
                    <item name="encryption" xsi:type="string">ssl</item>
                </item>
                <item name="SMTP2GO" xsi:type="array">
                    <item name="name" xsi:type="string">SMTP2GO</item>
                    <item name="active" xsi:type="boolean">1</item>
                    <item name="host" xsi:type="string">mail.smtp2go.com</item>
                    <item name="port" xsi:type="number">2525</item>
                    <item name="encryption" xsi:type="string">tls</item>
                </item>
                <item name="Net@ddress by USA.NET" xsi:type="array">
                    <item name="name" xsi:type="string">Net@ddress by USA.NET</item>
                    <item name="active" xsi:type="boolean">1</item>
                    <item name="host" xsi:type="string">smtp.postoffice.net</item>
                    <item name="port" xsi:type="number">465</item>
                    <item name="encryption" xsi:type="string">ssl</item>
                </item>
                <item name="T-Online Deutschland" xsi:type="array">
                    <item name="name" xsi:type="string">T-Online Deutschland</item>
                    <item name="active" xsi:type="boolean">1</item>
                    <item name="host" xsi:type="string">securesmtp.t-online.de</item>
                    <item name="port" xsi:type="number">587</item>
                    <item name="encryption" xsi:type="string">tls</item>
                </item>
                <item name="Elastic Email" xsi:type="array">
                    <item name="name" xsi:type="string">Elastic Email</item>
                    <item name="active" xsi:type="boolean">1</item>
                    <item name="host" xsi:type="string">smtp.elasticemail.com</item>
                    <item name="port" xsi:type="number">2525</item>
                </item>
                <item name="AOL Mail" xsi:type="array">
                    <item name="name" xsi:type="string">AOL Mail</item>
                    <item name="active" xsi:type="boolean">1</item>
                    <item name="host" xsi:type="string">smtp.aol.com</item>
                    <item name="port" xsi:type="number">587</item>
                </item>
                <item name="Comcast" xsi:type="array">
                    <item name="name" xsi:type="string">Comcast</item>
                    <item name="active" xsi:type="boolean">1</item>
                    <item name="host" xsi:type="string">smtp.comcast.net</item>
                    <item name="port" xsi:type="number">587</item>
                </item>
                <item name="Mail.com" xsi:type="array">
                    <item name="name" xsi:type="string">Mail.com</item>
                    <item name="active" xsi:type="boolean">1</item>
                    <item name="host" xsi:type="string">smtp.mail.com</item>
                    <item name="port" xsi:type="number">587</item>
                </item>
                <item name="O2.uk" xsi:type="array">
                    <item name="name" xsi:type="string">O2.uk</item>
                    <item name="active" xsi:type="boolean">1</item>
                    <item name="host" xsi:type="string">smtp.o2.co.uk</item>
                    <item name="port" xsi:type="number">25</item>
                </item>
                <item name="O2 Mail" xsi:type="array">
                    <item name="name" xsi:type="string">O2 Mail</item>
                    <item name="active" xsi:type="boolean">1</item>
                    <item name="host" xsi:type="string">smtp.o2.ie</item>
                    <item name="port" xsi:type="number">25</item>
                </item>
                <item name="Office365" xsi:type="array">
                    <item name="name" xsi:type="string">Office365</item>
                    <item name="active" xsi:type="boolean">1</item>
                    <item name="host" xsi:type="string">smtp.office365.com</item>
                    <item name="port" xsi:type="number">587</item>
                </item>
                <item name="Orange" xsi:type="array">
                    <item name="name" xsi:type="string">Orange</item>
                    <item name="active" xsi:type="boolean">1</item>
                    <item name="host" xsi:type="string">smtp.orange.net</item>
                    <item name="port" xsi:type="number">25</item>
                </item>
                <item name="BT Connect" xsi:type="array">
                    <item name="name" xsi:type="string">BT Connect</item>
                    <item name="active" xsi:type="boolean">1</item>
                    <item name="host" xsi:type="string">pop3.btconnect.com</item>
                    <item name="port" xsi:type="number">25</item>
                </item>
                <item name="BT Internet" xsi:type="array">
                    <item name="name" xsi:type="string">BT Internet</item>
                    <item name="active" xsi:type="boolean">1</item>
                    <item name="host" xsi:type="string">mail.btinternet.com</item>
                    <item name="port" xsi:type="number">25</item>
                </item>
                <item name="BT Openworld" xsi:type="array">
                    <item name="name" xsi:type="string">BT Openworld</item>
                    <item name="active" xsi:type="boolean">1</item>
                    <item name="host" xsi:type="string">mail.btopenworld.com</item>
                    <item name="port" xsi:type="number">25</item>
                </item>
                <item name="Wanadoo UK" xsi:type="array">
                    <item name="name" xsi:type="string">Wanadoo UK</item>
                    <item name="active" xsi:type="boolean">1</item>
                    <item name="host" xsi:type="string">smtp.wanadoo.co.uk</item>
                    <item name="port" xsi:type="number">25</item>
                </item>
                <item name="O2 Online Deutschland" xsi:type="array">
                    <item name="name" xsi:type="string">O2 Online Deutschland</item>
                    <item name="active" xsi:type="boolean">1</item>
                    <item name="host" xsi:type="string">mail.o2online.de</item>
                    <item name="port" xsi:type="number">25</item>
                </item>
                <item name="1&amp;1 Webmail" xsi:type="array">
                    <item name="name" xsi:type="string">1&amp;1 Webmail</item>
                    <item name="active" xsi:type="boolean">1</item>
                    <item name="host" xsi:type="string">smtp.1and1.com</item>
                    <item name="port" xsi:type="number">587</item>
                </item>
                <item name="1&amp;1 Deutschland" xsi:type="array">
                    <item name="name" xsi:type="string">1&amp;1 Deutschland</item>
                    <item name="active" xsi:type="boolean">1</item>
                    <item name="host" xsi:type="string">smtp.1und1.de</item>
                    <item name="port" xsi:type="number">587</item>
                    <item name="encryption" xsi:type="string">tls</item>
                </item>
            </argument>
        </arguments>
    </type>
</config>
